Question,Answer,Class
What services do you offer for chatbot development?,"We offer custom chatbot development, integration, maintenance, and support services tailored to your business needs.",
Do your chatbots support natural language processing?,"Yes, our chatbots are equipped with natural language processing (NLP) capabilities.",
How do you ensure the security of the chatbots you develop?,We prioritize security and implement best practices to protect user data and ensure chatbot security.,
Can the chatbot be integrated with existing systems and databases?,"Yes, our chatbots can be integrated with existing systems, databases, and APIs.",
Do you offer post-launch support and maintenance for chatbots?,"Yes, we provide post-launch support, maintenance, and updates for chatbots.",
How long does it take to develop a custom chatbot?,"The development time varies based on the chatbot's complexity, features, and requirements.",
Do you offer chatbot analytics and reporting?,"Yes, we provide analytics and reporting features to track chatbot performance and user interactions.",
What industries have you developed chatbots for?,"We have developed chatbots for various industries, including healthcare, e-commerce, finance, and more.",
Do you offer chatbot training for users?,"Yes, we offer training and documentation to help users interact effectively with the chatbot.",
How do you gather requirements for chatbot development?,"We conduct initial consultations and workshops to understand your requirements, goals, and target audience.",
Can the chatbot handle multiple languages?,"Yes, our chatbots can support multiple languages to cater to a global audience.",
Do you offer white-label solutions for chatbot development?,"Yes, we offer white-label solutions that allow you to brand the chatbot as your own.",
Can you integrate chatbots with messaging platforms like Facebook Messenger?,"Yes, our chatbots can be integrated with various messaging platforms, including Facebook Messenger.",
Do you offer custom website design services?,"Yes, we offer custom website design services tailored to your business needs.",
What types of websites do you develop?,"We develop custom websites, e-commerce platforms, CMS-based sites, and web applications.",
Do you offer responsive web design services?,"Yes, we specialize in creating responsive websites that work seamlessly across all devices.",
How do you ensure the security of the websites you develop?,We prioritize security and implement best practices to protect user data and ensure website security.,
Do you provide website maintenance and updates?,"Yes, we provide website maintenance and update services to keep your site running smoothly.",
Do you offer website hosting services?,"Yes, we offer website hosting services to help you get your website online.",
What CMS platforms do you work with?,"We work with popular CMS platforms like WordPress, Joomla, and Drupal.",
Do you offer SEO services?,"Yes, we provide SEO services to improve your website's visibility and rankings on search engines.",
Can you help with website speed optimization?,"Yes, we offer website speed optimization services to improve website performance.",
Do you offer e-commerce website development?,"Yes, we offer e-commerce website development with features like shopping carts, payment gateways, and more.",
Do you provide consultation for website redesign?,"Yes, we provide consultation and services for website redesign to give your site a fresh look.",
Do you offer website analytics setup?,"Yes, we offer website analytics and tracking setup to monitor website performance and user behavior.",
Do you provide content creation services for websites?,"Yes, we offer content creation services to help you create engaging and relevant content for your website.",
Do you offer website backup and recovery services?,"Yes, we provide website backup and recovery services to protect your website data.",
"How do you handle website content updates?,""We offer content management services to help you easily update and manage website content.""",,
"Do you offer website accessibility compliance services?,""Yes, we can help ensure your website is accessible and compliant with regulations like WCAG.""",,
"Do you provide website audit services?,""Yes, we provide website audit services to assess website performance, security, and SEO.""",,
"Do you offer website redesign services?,""Yes, we offer website redesign services to refresh the look and functionality of your site.""",,
"Can you help with domain registration and SSL setup?,""Yes, we can assist with domain registration, SSL setup, and website hosting.""",,
"Do you provide consultation for website strategy and planning?,""Yes, we provide consultation for website strategy, planning, and digital transformation.""",,
"Do you offer custom web application development?,""Yes, we offer custom web application development tailored to your business requirements.""",,
"Do you provide support and maintenance for web applications?,""Yes, we provide support and maintenance services for web applications to ensure smooth operation.""",,
"Do you offer API integration services?,""Yes, we offer API integration services to connect your website or application with third-party services.""",,
"Can you integrate web applications with mobile apps?,""Yes, we can integrate web applications with mobile apps for seamless user experience.""",,
"Do you offer cloud hosting solutions for web applications?,""Yes, we offer cloud hosting solutions to ensure scalability and performance for web applications.""",,
"Do you provide consultation for web technology stack selection?,""Yes, we provide consultation to help you choose the right web technology stack for your project.""",,
"Do you offer website migration services?,""Yes, we provide website migration services to move your website to a new hosting provider or platform.""",,
"Do you offer social media integration for websites?,""Yes, we provide social media integration services to connect your website with social media platforms.""",,
"Do you provide custom email setup for websites?,""Yes, we offer custom email setup and integration services for websites.""",,
"Do you offer A/B testing services for websites?,""Yes, we offer A/B testing services to help optimize website design and content.""",,
"Do you provide consultation for website branding and identity?,""Yes, we provide consultation for website branding, identity, and visual design.""",,
"Do you offer website chatbot integration?,""Yes, we offer website chatbot integration to enhance user engagement and support.""",,
"Do you provide training for using website CMS?,""Yes, we offer training to help you manage and update your website using the CMS.""",,
"Do you offer website localization services?,""Yes, we offer website localization services to adapt your website content for different regions and languages.""",,
"Do you provide consultation for website user experience (UX) design?,""Yes, we provide consultation for website UX design to improve user satisfaction and interaction.""",,
"Do you offer website conversion rate optimization services?,""Yes, we offer website conversion rate optimization services to improve website performance and user engagement.""",,
"What services do you offer for chatbot development?,""We offer custom chatbot development, integration, maintenance, and support services tailored to your business needs.""",,
"Do your chatbots support natural language processing?,""Yes, our chatbots are equipped with natural language processing (NLP) capabilities.""",,
"How do you ensure the security of the chatbots you develop?,""We prioritize security and implement best practices to protect user data and ensure chatbot security.""",,
"Can the chatbot be integrated with existing systems and databases?,""Yes, our chatbots can be integrated with existing systems, databases, and APIs.""",,
"Do you offer post-launch support and maintenance for chatbots?,""Yes, we provide post-launch support, maintenance, and updates for chatbots.""",,
"How long does it take to develop a custom chatbot?,""The development time varies based on the chatbot's complexity, features, and requirements.""",,
"Do you offer chatbot analytics and reporting?,""Yes, we provide analytics and reporting features to track chatbot performance and user interactions.""",,
"What industries have you developed chatbots for?,""We have developed chatbots for various industries, including healthcare, e-commerce, finance, and more.""",,
"Do you offer chatbot training for users?,""Yes, we offer training and documentation to help users interact effectively with the chatbot.""",,
"How do you gather requirements for chatbot development?,""We conduct initial consultations and workshops to understand your requirements, goals, and target audience.""",,
"Can the chatbot handle multiple languages?,""Yes, our chatbots can support multiple languages to cater to a global audience.""",,
"Do you offer white-label solutions for chatbot development?,""Yes, we offer white-label solutions that allow you to brand the chatbot as your own.""",,
"Can you integrate chatbots with messaging platforms like Facebook Messenger?,""Yes, our chatbots can be integrated with various messaging platforms, including Facebook Messenger.""",,
"Do you offer custom website design services?,""Yes, we offer custom website design services tailored to your business needs.""",,
"What types of websites do you develop?,""We develop custom websites, e-commerce platforms, CMS-based sites, and web applications.""",,
"Do you offer responsive web design services?,""Yes, we specialize in creating responsive websites that work seamlessly across all devices.""",,
"How do you ensure the security of the websites you develop?,""We prioritize security and implement best practices to protect user data and ensure website security.""",,
"Do you provide website maintenance and updates?,""Yes, we provide website maintenance and update services to keep your site running smoothly.""",,
"Do you offer website hosting services?,""Yes, we offer website hosting services to help you get your website online.""",,
"What CMS platforms do you work with?,""We work with popular CMS platforms like WordPress, Joomla, and Drupal.""",,
"Do you offer SEO services?,""Yes, we provide SEO services to improve your website's visibility and rankings on search engines.""",,
"Can you help with website speed optimization?,""Yes, we offer website speed optimization services to improve website performance.""",,
"Do you offer e-commerce website development?,""Yes, we offer e-commerce website development with features like shopping carts, payment gateways, and more.""",,
"Do you provide consultation for website redesign?,""Yes, we provide consultation and services for website redesign to give your site a fresh look.""",,
"Do you offer website analytics setup?,""Yes, we offer website analytics and tracking setup to monitor website performance and user behavior.""",,
"Do you provide content creation services for websites?,""Yes, we offer content creation services to help you create engaging and relevant content for your website.""",,
"Do you offer website backup and recovery services?,""Yes, we provide website backup and recovery services to protect your website data.""",,
"How do you handle website content updates?,""We offer content management services to help you easily update and manage website content.""",,
"Do you offer website accessibility compliance services?,""Yes, we can help ensure your website is accessible and compliant with regulations like WCAG.""",,
"Do you provide website audit services?,""Yes, we provide website audit services to assess website performance, security, and SEO.""",,
"Do you offer website redesign services?,""Yes, we offer website redesign services to refresh the look and functionality of your site.""",,
"Can you help with domain registration and SSL setup?,""Yes, we can assist with domain registration, SSL setup, and website hosting.""",,
"Do you provide consultation for website strategy and planning?,""Yes, we provide consultation for website strategy, planning, and digital transformation.""",,
"Do you offer custom web application development?,""Yes, we offer custom web application development tailored to your business requirements.""",,
"Do you provide support and maintenance for web applications?,""Yes, we provide support and maintenance services for web applications to ensure smooth operation.""",,
"Do you offer API integration services?,""Yes, we offer API integration services to connect your website or application with third-party services.""",,
"Can you integrate web applications with mobile apps?,""Yes, we can integrate web applications with mobile apps for seamless user experience.""",,
"Do you offer cloud hosting solutions for web applications?,""Yes, we offer cloud hosting solutions to ensure scalability and performance for web applications.""",,
"Do you provide consultation for web technology stack selection?,""Yes, we provide consultation to help you choose the right web technology stack for your project.""",,
"Do you offer website migration services?,""Yes, we provide website migration services to move your website to a new hosting provider or platform.""",,
"Do you offer social media integration for websites?,""Yes, we provide social media integration services to connect your website with social media platforms.""",,
"Do you provide custom email setup for websites?,""Yes, we offer custom email setup and integration services for websites.""",,
"Do you offer A/B testing services for websites?,""Yes, we offer A/B testing services to help optimize website design and content.""",,
"Do you provide consultation for website branding and identity?,""Yes, we provide consultation for website branding, identity, and visual design.""",,
"Do you offer website chatbot integration?,""Yes, we offer website chatbot integration to enhance user engagement and support.""",,
"Do you provide training for using website CMS?,""Yes, we offer training to help you manage and update your website using the CMS.""",,
"Do you offer website localization services?,""Yes, we offer website localization services to adapt your website content for different regions and languages.""",,
"Do you provide consultation for website user experience (UX) design?,""Yes, we provide consultation for website UX design to improve user satisfaction and interaction.""",,
"Do you offer website conversion rate optimization services?,""Yes, we offer website conversion rate optimization services to improve website performance and user engagement.""",,
"What is a chatbot?,""A chatbot is a software application designed to simulate human-like conversations with users via text or voice commands.""",,
"How do chatbots work?,""Chatbots use natural language processing (NLP) and machine learning algorithms to understand user queries and provide appropriate responses.""",,
"What are the benefits of using a chatbot?,""Chatbots can improve customer service, automate tasks, increase efficiency, provide 24/7 support, and enhance user engagement.""",,
"How can chatbots improve customer service?,""Chatbots can instantly respond to customer queries, provide consistent support, and free up human agents to handle more complex issues.""",,
"Do chatbots save businesses money?,""Yes, chatbots can automate repetitive tasks, reduce the need for human agents, and save businesses money on customer support costs.""",,
"How can chatbots enhance user engagement?,""Chatbots can engage users with interactive conversations, personalized recommendations, and instant responses.""",,
"What types of tasks can chatbots automate?,""Chatbots can automate tasks like answering FAQs, booking appointments, processing orders, and providing product recommendations.""",,
"How are chatbots trained to understand user queries?,""Chatbots are trained using datasets and machine learning algorithms to understand and interpret user queries more accurately over time.""",,
"Do chatbots work with voice commands?,""Yes, chatbots can be integrated with voice recognition technology to understand and respond to voice commands.""",,
"How secure are chatbots?,""Chatbots can be designed with security measures like encryption, authentication, and data protection to ensure user data is secure.""",,
"Can chatbots handle multiple languages?,""Yes, many chatbots support multiple languages and can interact with users in their preferred language.""",,
"Do chatbots learn from user interactions?,""Yes, chatbots can learn from user interactions using machine learning algorithms to improve their responses over time.""",,
"How can chatbots be integrated into websites?,""Chatbots can be integrated into websites using plugins, widgets, or APIs to provide instant support and engagement.""",,
"What is the difference between rule-based and AI chatbots?,""Rule-based chatbots follow predefined rules and responses, while AI chatbots use machine learning to learn from user interactions and provide more natural responses.""",,
"Do chatbots require constant monitoring?,""While chatbots can operate autonomously, periodic monitoring and updates are recommended to ensure they function correctly and provide accurate responses.""",,
"How can chatbots assist in marketing?,""Chatbots can assist in marketing by qualifying leads, sending personalized messages, and guiding users through the sales funnel.""",,
"Do chatbots work on social media platforms?,""Yes, chatbots can be integrated with social media platforms like Facebook Messenger to provide customer support and engagement.""",,
"How do chatbots handle complex queries?,""Chatbots can be programmed to handle complex queries by escalating them to human agents or providing a series of guided prompts to gather more information.""",,
"Can chatbots be customized to match a brand's voice and tone?,""Yes, chatbots can be customized to match a brand's voice, tone, and personality to provide a consistent brand experience.""",,
"How reliable are chatbots for customer support?,""Chatbots can provide reliable customer support by offering instant responses, 24/7 availability, and consistent information.""",,
"Do chatbots require internet connectivity to function?,""Yes, most chatbots require internet connectivity to access data, process queries, and provide responses.""",,
"How do chatbots handle sensitive information?,""Chatbots can handle sensitive information securely by encrypting data, using secure connections, and complying with data protection regulations.""",,
"Can chatbots be used for lead generation?,""Yes, chatbots can qualify leads, collect contact information, and guide users through the lead generation process.""",,
"How do chatbots contribute to user satisfaction?,""Chatbots contribute to user satisfaction by providing instant responses, personalized recommendations, and efficient support.""",,
"Do chatbots replace human agents?,""Chatbots complement human agents by handling routine inquiries, automating tasks, and freeing up human agents to focus on more complex issues.""",,
